{
  "test_id": "test_22",
  "note": "grid sweep gen_03-var_05",
  "global": {
    "v_inlet": 0.0,
    "dp": 0.08,
    "timemax": 4.0,
    "viscobound": 1.5,
    "nozzle_diameter": 0.2,
    "nozzle_thickness": 0.2,
    "cflnumber": 0.3,
    "use_gpu": true,
    "timeout": 0.05,
    "inflow_radius_m": 1.0,
    "inflow_z_top_m": 30.0,
    "inflow_velocity_mps": -4.0
  },
  "prefill": true,
  "grid_cell": {
    "gen": 3,
    "var": 5
  },
  "batch_layer": "test_03",
  "modules": [
    {
      "index": 0,
      "radius": 1838.7806833826876,
      "move_z": 1038.7806833826876,
      "rotation_x": 2.6471297058210985,
      "rotation_z": 191.23755741084724,
      "offset_dist": 1276.371748703914,
      "tx": 345.9782989636132,
      "ty": -945.8266039803044,
      "tz": 50.3164894169918
    },
    {
      "index": 1,
      "radius": 2857.0973483481366,
      "move_z": 2057.0973483481366,
      "rotation_x": 5.67534183163676,
      "rotation_z": 146.1142324568216,
      "offset_dist": 1281.417487313321,
      "tx": 3927.2701152540126,
      "ty": -2915.0004080827093,
      "tz": 20.409539306090977
    },
    {
      "index": 2,
      "radius": 6335.302555521104,
      "move_z": 4335.302555521104,
      "rotation_x": 3.1962416960144067,
      "rotation_z": 48.98824588276638,
      "offset_dist": 712.5596870439131,
      "tx": 4842.099534287986,
      "ty": -4187.001629183536,
      "tz": -194.96963819862754
    },
    {
      "index": 3,
      "radius": 7640.198170292305,
      "move_z": 5942.95423147381,
      "rotation_x": 12.701580626085661,
      "rotation_z": 353.4162145615092,
      "offset_dist": 1358.7962202179237,
      "tx": 5298.1762656161145,
      "ty": -1709.1922284745233,
      "tz": -49.52567428192816
    }
  ]
}